이름,나이,국적,소속클럽,선수가치,경기수,골,어시스트,옐로카드,레드카드,교체인,교체아웃
Vinicius Junior,24,Brazil,Real Madrid,€200.00m,51,20,17,15,1,8,19
Lamine Yamal,17,Spain,FC Barcelona,€180.00m,60,19,26,4,0,4,28
Erling Haaland,24,Norway,Manchester City,€180.00m,52,40,5,2,0,1,12
Kylian Mbappé,26,France,Real Madrid,€170.00m,59,42,4,5,1,5,19
Bukayo Saka,23,England,Arsenal FC,€150.00m,40,12,14,6,0,7,20
Alexander Isak,25,Sweden,Newcastle United,€120.00m,48,32,8,1,0,1,27
Rodrygo,24,Brazil,Real Madrid,€100.00m,50,13,10,0,0,12,28
Phil Foden,25,England,Manchester City,€100.00m,49,10,7,2,0,16,18
Lautaro Martínez,27,Argentina,Inter Milan,€95.00m,49,22,7,3,0,5,25
Julián Alvarez,25,Argentina,Atlético de Madrid,€90.00m,54,29,7,6,0,10,27
Harry Kane,31,England,Bayern Munich,€90.00m,53,43,13,7,0,5,19
Michael Olise,23,France,Bayern Munich,€80.00m,56,18,22,4,0,10,28
Khvicha Kvaratskhelia,24,Georgia,Paris Saint-Germain,€80.00m,51,14,11,4,0,7,24
Raphinha,28,Brazil,FC Barcelona,€80.00m,57,34,25,7,0,4,16
Omar Marmoush,26,Egypt,Manchester City,€75.00m,52,29,17,3,0,6,24
Rafael Leão,25,Portugal,AC Milan,€75.00m,58,13,15,7,0,13,27
Viktor Gyökeres,26,Sweden,Sporting CP,€75.00m,58,63,17,6,0,8,5
Marcus Thuram,27,France,Inter Milan,€75.00m,53,18,9,3,0,11,23
Ousmane Dembélé,28,France,Paris Saint-Germain,€75.00m,55,35,15,1,0,13,25
Nico Williams,22,Spain,Athletic Bilbao,€70.00m,51,12,7,2,0,11,23
Bradley Barcola,22,France,Paris Saint-Germain,€70.00m,66,23,19,4,0,18,35
Luis Díaz,28,Colombia,Liverpool FC,€70.00m,50,17,8,3,0,12,27
Cody Gakpo,26,Netherlands,Liverpool FC,€70.00m,57,21,8,6,0,18,29
Victor Osimhen,26,Nigeria,Galatasaray,€70.00m,45,39,8,8,0,6,22
Benjamin Sesko,22,Slovenia,RB Leipzig,€65.00m,53,26,6,1,0,5,29
Anthony Gordon,24,England,Newcastle United,€65.00m,48,10,7,4,1,10,27
Kai Havertz,25,Germany,Arsenal FC,€65.00m,40,17,7,7,0,7,5
Désiré Doué,19,France,Paris Saint-Germain,€60.00m,57,15,16,2,0,23,27
Matheus Cunha,26,Brazil,Wolverhampton Wanderers,€60.00m,36,17,6,3,1,5,10
Ademola Lookman,27,Nigeria,Atalanta BC,€60.00m,44,22,7,5,0,6,28
Loïs Openda,25,Belgium,RB Leipzig,€60.00m,51,14,13,6,0,5,21
Estêvão,18,Brazil,Sociedade Esportiva Palmeiras,€55.00m,31,11,5,4,0,5,14
Ethan Nwaneri,18,England,Arsenal FC,€55.00m,48,16,3,2,0,25,18
Hugo Ekitiké,22,France,Eintracht Frankfurt,€55.00m,50,25,12,3,0,6,32
Gabriel Martinelli,23,Brazil,Arsenal FC,€55.00m,51,10,6,3,0,11,22
Bryan Mbeumo,25,Cameroon,Brentford FC,€55.00m,46,21,9,3,0,3,3
Samu Aghehowa,21,Spain,FC Porto,€50.00m,43,25,3,5,1,10,11
Nicolas Jackson,23,Senegal,Chelsea FC,€50.00m,39,14,5,9,1,4,29
Savinho,21,Brazil,Manchester City,€50.00m,45,2,12,4,0,12,22
Jamie Gittens,20,England,Borussia Dortmund,€50.00m,49,12,5,5,0,15,27
João Pedro,23,Brazil,Brighton & Hove Albion,€50.00m,30,10,7,4,1,6,10
Álex Baena,23,Spain,Villarreal CF,€50.00m,37,8,10,9,0,5,16
Pedro Neto,25,Portugal,Chelsea FC,€50.00m,50,7,9,9,0,12,22
Jérémy Doku,23,Belgium,Manchester City,€50.00m,43,6,11,1,0,16,17
Christian Pulisic,26,United States,AC Milan,€50.00m,57,19,14,5,0,8,31
Marcus Rashford,27,England,Aston Villa,€50.00m,43,11,9,4,0,12,26
Mohamed Salah,32,Egypt,Liverpool FC,€50.00m,55,36,23,1,0,2,15
Geovany Quenda,18,Portugal,Sporting CP,€45.00m,55,3,9,5,0,15,23
Arda Güler,20,Türkiye,Real Madrid,€45.00m,49,7,10,3,0,24,20
Kenan Yıldız,20,Türkiye,Juventus FC,€45.00m,55,10,9,5,1,12,24
Victor Boniface,24,Nigeria,Bayer 04 Leverkusen,€45.00m,32,11,2,4,0,12,20
Mateo Retegui,26,Italy,Atalanta BC,€45.00m,55,30,10,3,0,8,40
Gonçalo Ramos,23,Portugal,Paris Saint-Germain,€45.00m,42,19,6,2,0,26,9
Darwin Núñez,25,Uruguay,Liverpool FC,€45.00m,47,7,7,9,0,30,11
Mohammed Kudus,24,Ghana,West Ham United,€45.00m,41,5,5,4,1,3,17
Amad Diallo,22,Cote d'Ivoire,Manchester United,€45.00m,45,11,10,6,0,16,11
Jonathan David,25,Canada,LOSC Lille,€45.00m,56,29,15,6,0,7,15
Dušan Vlahović,25,Serbia,Juventus FC,€45.00m,45,16,6,4,0,11,16
Brahim Díaz,25,Morocco,Real Madrid,€45.00m,55,13,7,1,0,29,19
Anthony Elanga,23,Sweden,Nottingham Forest,€42.00m,47,7,12,1,0,13,22
Endrick,18,Brazil,Real Madrid,€40.00m,37,7,1,4,0,29,7
Maghnes Akliouche,23,France,AS Monaco,€40.00m,45,7,12,3,0,6,11
Liam Delap,22,England,Ipswich Town,€40.00m,45,13,2,17,0,10,32
Antoine Semenyo,25,Ghana,AFC Bournemouth,€40.00m,46,13,7,11,0,3,10
Kaoru Mitoma,28,Japan,Brighton & Hove Albion,€40.00m,41,11,4,1,0,9,16
Noni Madueke,23,England,Chelsea FC,€40.00m,46,11,7,4,0,13,26
Karim Adeyemi,23,Germany,Borussia Dortmund,€40.00m,38,12,9,7,0,11,25
Brennan Johnson,24,Wales,Tottenham Hotspur,€40.00m,58,20,8,11,0,16,23
Takefusa Kubo,23,Japan,Real Sociedad,€40.00m,52,7,4,6,0,12,28
Moise Kean,25,Italy,ACF Fiorentina,€40.00m,50,28,3,11,0,9,14
Diogo Jota,28,Portugal,Liverpool FC,€40.00m,42,9,5,4,0,18,19
Ollie Watkins,29,England,Aston Villa,€40.00m,57,18,16,2,0,13,29
Jarrod Bowen,28,England,West Ham United,€40.00m,42,15,10,0,0,5,9
Serhou Guirassy,29,Guinea,Borussia Dortmund,€40.00m,49,40,9,7,0,3,10
Dominic Solanke,27,England,Tottenham Hotspur,€40.00m,47,16,8,0,0,10,13
Leroy Sané,29,Germany,Bayern Munich,€38.00m,49,14,6,4,0,21,19
Santiago Gimenez,24,Mexico,AC Milan,€37.00m,42,22,6,6,1,13,22
Francisco Conceição,22,Portugal,Juventus FC,€36.00m,40,5,6,5,0,19,14
Santiago Castro,20,Argentina,Bologna FC 1909,€35.00m,46,10,8,10,0,13,22
Mathys Tel,20,France,Tottenham Hotspur,€35.00m,38,6,2,3,0,18,13
Evanilson,25,Brazil,AFC Bournemouth,€35.00m,35,12,5,2,1,5,22
Igor Paixão,24,Brazil,Feyenoord Rotterdam,€35.00m,47,18,19,1,0,0,15
Jhon Durán,21,Colombia,Al-Nassr FC,€35.00m,47,24,0,9,2,23,6
Rasmus Højlund,22,Denmark,Manchester United,€35.00m,58,11,4,2,0,17,28
Rayan Cherki,21,France,Olympique Lyon,€35.00m,47,14,23,6,0,11,23
Mason Greenwood,23,England,Olympique Marseille,€35.00m,36,22,6,3,0,2,18
Francisco Trincão,25,Portugal,Sporting CP,€35.00m,57,13,19,3,0,4,30
Harvey Barnes,27,England,Newcastle United,€35.00m,40,9,5,0,0,18,15
Christopher Nkunku,27,France,Chelsea FC,€35.00m,46,15,5,2,0,22,14
Jonathan Burkardt,24,Germany,1.FSV Mainz 05,€35.00m,33,19,3,0,0,3,20
Vangelis Pavlidis,26,Greece,SL Benfica,€35.00m,61,31,12,6,0,14,41
Kingsley Coman,28,France,Bayern Munich,€35.00m,42,7,4,2,0,22,19
Mohamed Amoura,25,Algeria,VfL Wolfsburg,€32.00m,38,12,13,6,0,4,24
Georginio Rutter,23,France,Brighton & Hove Albion,€32.00m,34,8,5,3,0,10,20
Yoane Wissa,28,DR Congo,Brentford FC,€32.00m,41,20,5,5,0,4,13
Gabriel Jesus,28,Brazil,Arsenal FC,€32.00m,27,7,2,4,0,14,8
Yankuba Minteh,20,The Gambia,Brighton & Hove Albion,€30.00m,43,8,7,6,0,13,22
Eliesse Ben Seghir,20,Morocco,AS Monaco,€30.00m,50,11,5,2,0,17,24
Yéremy Pino,22,Spain,Villarreal CF,€30.00m,37,5,10,12,0,10,26
Johan Bakayoko,22,Belgium,PSV Eindhoven,€30.00m,51,12,3,3,0,20,19
Kang-in Lee,24,"Korea, South",Paris Saint-Germain,€30.00m,45,6,6,1,0,19,19
Randal Kolo Muani,26,France,Juventus FC,€30.00m,40,13,4,2,0,16,13
Kevin Schade,23,Germany,Brentford FC,€30.00m,44,12,3,3,0,13,22
David Neres,28,Brazil,SSC Napoli,€30.00m,30,3,8,3,0,15,12
Joshua Zirkzee,24,Netherlands,Manchester United,€30.00m,53,8,4,3,0,28,20
Jørgen Strand Larsen,25,Norway,Wolverhampton Wanderers,€30.00m,43,14,6,5,0,11,19
Pedro Gonçalves,26,Portugal,Sporting CP,€30.00m,21,6,6,4,0,4,12
Jean-Philippe Mateta,27,France,Crystal Palace,€30.00m,46,17,4,3,0,4,22
Moussa Diaby,25,France,Al-Ittihad Club,€30.00m,28,5,15,4,1,4,5
Mikel Oyarzabal,28,Spain,Real Sociedad,€30.00m,59,21,8,10,1,13,31
Artem Dovbyk,27,Ukraine,AS Roma,€30.00m,50,18,4,2,0,11,28
Antonio Nusa,20,Norway,RB Leipzig,€28.00m,46,8,9,0,0,15,15
Dango Ouattara,23,Burkina Faso,AFC Bournemouth,€28.00m,40,11,4,3,0,15,18
Simon Adingra,23,Cote d'Ivoire,Brighton & Hove Albion,€28.00m,37,6,3,0,0,18,15
Nico González,27,Argentina,Juventus FC,€28.00m,35,5,4,3,0,6,23
Jadon Sancho,25,England,Chelsea FC,€28.00m,42,5,10,3,0,16,17
Ferran Torres,25,Spain,FC Barcelona,€28.00m,48,20,8,3,1,29,14
Leon Bailey,27,Jamaica,Aston Villa,€28.00m,42,3,4,5,0,13,22
Jack Grealish,29,England,Manchester City,€28.00m,35,5,5,5,0,16,9
Patrik Schick,29,Czech Republic,Bayer 04 Leverkusen,€27.00m,49,30,1,5,0,19,18
Assane Diao,19,Senegal,Como 1907,€25.00m,34,10,4,2,0,13,13
Tyler Dibling,19,England,Southampton FC,€25.00m,46,5,3,8,0,17,20
Luiz Henrique,24,Brazil,Zenit St. Petersburg,€25.00m,14,2,3,3,0,1,6
Malick Fofana,20,Belgium,Olympique Lyon,€25.00m,42,11,6,3,0,19,15
Giuliano Simeone,22,Argentina,Atlético de Madrid,€25.00m,47,5,8,6,0,9,32
Alberto Moleiro,21,Spain,UD Las Palmas,€25.00m,40,6,1,5,0,6,18
Brajan Gruda,21,Germany,Brighton & Hove Albion,€25.00m,29,2,5,1,0,17,12
Samuel Lino,25,Brazil,Atlético de Madrid,€25.00m,45,4,8,3,0,17,24
Oscar Bobb,21,Norway,Manchester City,€25.00m,5,0,1,0,0,3,2
Elye Wahi,22,France,Eintracht Frankfurt,€25.00m,25,3,1,2,0,17,8
Evan Ferguson,20,Ireland,West Ham United,€25.00m,31,3,0,1,0,21,9
Dwight McNeil,25,England,Everton FC,€25.00m,23,5,8,1,0,6,5
Maximilian Beier,22,Germany,Borussia Dortmund,€25.00m,47,11,7,4,0,21,18
Mika Biereth,22,Denmark,AS Monaco,€25.00m,46,27,8,3,0,5,28
Taty Castellanos,26,Argentina,SS Lazio,€25.00m,40,14,8,9,1,5,15
Evann Guessand,23,Cote d'Ivoire,OGC Nice,€25.00m,47,13,10,3,0,8,21
Edon Zhegrova,26,Kosovo,LOSC Lille,€25.00m,26,9,2,4,0,4,12
João Félix,25,Portugal,AC Milan,€25.00m,45,11,3,8,0,25,10
Callum Hudson-Odoi,24,England,Nottingham Forest,€25.00m,36,5,3,2,0,9,17
Dan Ndoye,24,Switzerland,Bologna FC 1909,€25.00m,45,9,6,5,0,5,21
Noa Lang,25,Netherlands,PSV Eindhoven,€25.00m,47,14,13,4,0,13,24
Donyell Malen,26,Netherlands,Aston Villa,€25.00m,44,8,4,2,0,30,13
Dodi Lukébakio,27,Belgium,Sevilla FC,€25.00m,46,11,2,3,1,6,14
Ivan Toney,29,England,Al-Ahli SFC,€25.00m,44,30,6,5,0,3,12
Alexander Sørloth,29,Norway,Atlético de Madrid,€25.00m,58,29,5,6,0,30,24
Serge Gnabry,29,Germany,Bayern Munich,€25.00m,46,7,8,2,0,23,15
Conrad Harder,20,Denmark,Sporting CP,€24.00m,57,13,10,3,1,35,12
Galeno,27,Brazil,Al-Ahli SFC,€24.00m,49,19,8,5,0,5,19
Youssef En-Nesyri,28,Morocco,Fenerbahce,€24.00m,57,33,8,5,0,21,24
Kerem Aktürkoğlu,26,Türkiye,SL Benfica,€24.00m,63,23,18,7,0,12,40
Gianluca Scamacca,26,Italy,Atalanta BC,€24.00m,1,0,0,0,0,1,0
Pedro,27,Brazil,CR Flamengo,€23.00m,13,5,2,0,0,7,5
Albert Gudmundsson,27,Iceland,ACF Fiorentina,€23.00m,35,8,4,3,0,12,20
Stefanos Tzimas,19,Greece,1.FC Nuremberg,€22.00m,25,12,3,5,1,5,12
Roger,19,Portugal,SC Braga,€22.00m,48,5,7,4,0,13,22
Matías Soulé,22,Argentina,AS Roma,€22.00m,39,5,5,3,0,15,18
Wilfried Gnonto,21,Italy,Leeds United,€22.00m,49,9,6,5,0,19,27
Iliman Ndiaye,25,Senegal,Everton FC,€22.00m,43,11,2,4,0,7,19
Beto,27,Guinea-Bissau,Everton FC,€22.00m,39,13,1,3,0,15,11
Lorenzo Lucca,24,Italy,Udinese Calcio,€22.00m,39,14,2,10,0,9,18
Amine Adli,25,Morocco,Bayer 04 Leverkusen,€22.00m,31,2,2,3,0,19,12
Pepê,28,Brazil,FC Porto,€22.00m,43,5,4,4,0,9,28
Crysencio Summerville,23,Netherlands,West Ham United,€22.00m,22,1,2,2,0,12,8
Brian Brobbey,23,Netherlands,Ajax Amsterdam,€22.00m,49,8,7,7,0,13,32
Ritsu Doan,26,Japan,SC Freiburg,€22.00m,36,10,9,2,0,1,16
Deniz Undav,28,Germany,VfB Stuttgart,€22.00m,40,16,7,5,0,10,18
Ermedin Demirovic,27,Bosnia-Herzegovina,VfB Stuttgart,€22.00m,56,20,6,9,0,20,22
Viktor Tsygankov,27,Ukraine,Girona FC,€22.00m,36,2,7,1,0,6,19
Leandro Trossard,30,Belgium,Arsenal FC,€22.00m,62,11,11,4,0,19,22
Antoine Griezmann,34,France,Atlético de Madrid,€22.00m,55,16,9,2,0,12,31
Romelu Lukaku,32,Belgium,SSC Napoli,€22.00m,41,17,11,4,0,3,29
Vitor Roque,20,Brazil,Sociedade Esportiva Palmeiras,€20.00m,52,10,2,6,1,18,26
Ange-Yoan Bonny,21,France,Parma Calcio 1913,€20.00m,40,6,4,2,0,8,25
Wilson Odobert,20,France,Tottenham Hotspur,€20.00m,24,4,2,0,0,11,10
Rodrigo Muniz,24,Brazil,Fulham FC,€20.00m,36,11,2,1,0,23,12
Georges Mikautadze,24,Georgia,Olympique Lyon,€20.00m,55,24,12,3,0,26,16
Antony,25,Brazil,Real Betis Balompié,€20.00m,40,10,5,5,1,13,11
Arnaud Kalimuendo,23,France,Stade Rennais FC,€20.00m,37,20,5,2,0,3,19
Emanuel Emegha,22,Netherlands,RC Strasbourg Alsace,€20.00m,31,14,3,5,0,2,17
Barış Alper Yılmaz,25,Türkiye,Galatasaray,€20.00m,54,14,7,12,1,8,30
Jamie Leweling,24,Germany,VfB Stuttgart,€20.00m,39,6,4,4,0,9,26
Fábio Silva,22,Portugal,UD Las Palmas,€20.00m,29,11,4,8,0,3,18
Folarin Balogun,23,United States,AS Monaco,€20.00m,18,4,2,2,0,9,5
Gustav Isaksen,24,Denmark,SS Lazio,€20.00m,56,8,6,8,0,17,35
Amine Gouiri,25,Algeria,Olympique Marseille,€20.00m,40,17,7,2,0,13,16
Giacomo Raspadori,25,Italy,SSC Napoli,€20.00m,37,8,4,1,0,20,15
Richarlison,28,Brazil,Tottenham Hotspur,€20.00m,24,5,2,3,0,13,11
Riccardo Orsolini,28,Italy,Bologna FC 1909,€20.00m,40,17,5,4,0,8,25
Sergio Gómez,24,Spain,Real Sociedad,€20.00m,50,5,7,4,0,15,16
Mattia Zaccagni,29,Italy,SS Lazio,€20.00m,48,10,9,15,0,7,29
Iñaki Williams,30,Ghana,Athletic Bilbao,€20.00m,54,11,9,4,0,10,14
Heung-min Son,32,"Korea, South",Tottenham Hotspur,€20.00m,46,11,12,1,0,9,21
Lionel Messi,37,Argentina,Inter Miami CF,€20.00m,20,15,6,2,0,2,1
Mikey Moore,17,England,Tottenham Hotspur,€18.00m,31,4,6,1,0,14,10
Yáser Asprilla,21,Colombia,Girona FC,€18.00m,33,3,1,2,0,16,10
Karim Konaté,21,Cote d'Ivoire,Red Bull Salzburg,€18.00m,19,8,2,0,0,4,7
Igor Thiago,23,Brazil,Brentford FC,€18.00m,8,0,0,0,0,7,1
Luis Henrique,23,Brazil,Olympique Marseille,€18.00m,35,9,10,0,0,4,12
Marcos Leonardo,22,Brazil,Al-Hilal SFC,€18.00m,41,26,3,3,0,8,19
Orri Óskarsson,20,Iceland,Real Sociedad,€18.00m,57,19,1,4,0,27,20
Ander Barrenetxea,23,Spain,Real Sociedad,€18.00m,47,8,6,7,0,23,24
Adam Hlozek,22,Czech Republic,TSG 1899 Hoffenheim,€18.00m,43,12,3,4,0,11,17
Dilane Bakwa,22,France,RC Strasbourg Alsace,€18.00m,33,6,10,4,0,3,18
Mykhaylo Mudryk,24,Ukraine,Chelsea FC,€18.00m,20,4,6,1,0,6,4
Jesper Lindstrøm,25,Denmark,Everton FC,€18.00m,32,0,2,3,0,11,18
Rodrigo Riquelme,25,Spain,Atlético de Madrid,€18.00m,26,1,1,0,0,18,7
Cucho Hernández,26,Colombia,Real Betis Balompié,€18.00m,15,5,1,0,0,1,11
Christos Tzolis,23,Greece,Club Brugge KV,€18.00m,63,24,17,7,0,3,42
Marcus Tavernier,26,England,AFC Bournemouth,€18.00m,32,3,6,6,0,9,11
Emmanuel Latte Lath,26,Cote d'Ivoire,Atlanta United FC,€18.00m,46,16,5,9,0,12,19
Joël Piroe,25,Netherlands,Leeds United,€18.00m,48,19,7,2,0,11,23
Eddie Nketiah,26,England,Crystal Palace,€18.00m,37,7,3,4,0,25,9
Daniel James,27,Wales,Leeds United,€18.00m,41,13,9,5,0,8,20
Ludovic Blas,27,France,Stade Rennais FC,€18.00m,31,6,9,6,0,3,13
Chris Führich,27,Germany,VfB Stuttgart,€18.00m,49,4,4,2,0,13,29
Aleksandar Mitrović,30,Serbia,Al-Hilal SFC,€18.00m,40,29,7,5,0,5,10
Francesco Pio Esposito,19,Italy,Spezia Calcio,€17.00m,41,19,3,8,0,4,19
El Bilal Touré,23,Mali,VfB Stuttgart,€17.00m,21,5,1,0,0,13,6
Nick Woltemade,23,Germany,VfB Stuttgart,€17.00m,37,20,6,3,0,12,11
Martin Terrier,28,France,Bayer 04 Leverkusen,€17.00m,20,2,2,1,1,11,8
Paulinho,24,Brazil,Sociedade Esportiva Palmeiras,€17.00m,10,1,2,0,0,9,1
Alexis Saelemaekers,25,Belgium,AS Roma,€17.00m,34,7,7,7,0,11,20
Timothy Weah,25,United States,Juventus FC,€17.00m,45,7,5,5,0,18,13
Tim Kleindienst,29,Germany,Borussia Mönchengladbach,€17.00m,39,20,11,4,0,2,8
Jaden Philogene,23,England,Ipswich Town,€16.00m,30,4,1,3,0,18,8
Ricardo Pepi,22,United States,PSV Eindhoven,€16.00m,34,21,3,2,0,22,6
Jhon Arias,27,Colombia,Fluminense Football Club,€16.00m,27,3,11,3,0,0,3
Konstantin Tyukavin,22,Russia,Dynamo Moscow,€16.00m,23,8,3,0,0,2,8
Yuri Alberto,24,Brazil,Sport Club Corinthians Paulista,€16.00m,35,13,1,5,0,9,13
Andreas Skov Olsen,25,Denmark,VfL Wolfsburg,€16.00m,46,9,10,2,0,20,22
Josh Sargent,25,United States,Norwich City,€16.00m,36,15,5,3,0,5,12
Reiss Nelson,25,England,Fulham FC,€16.00m,13,2,1,1,0,7,6
Andrea Pinamonti,26,Italy,Genoa CFC,€16.00m,37,11,1,4,0,3,14
Dominic Calvert-Lewin,28,England,Everton FC,€16.00m,26,3,2,2,0,7,11
Taiwo Awoniyi,27,Nigeria,Nottingham Forest,€16.00m,34,2,0,0,0,26,7
Jacob Murphy,30,England,Newcastle United,€16.00m,41,9,14,4,0,6,29
George Ilenikhena,18,Nigeria,AS Monaco,€15.00m,31,6,2,1,0,24,7
Luis Guilherme,19,Brazil,West Ham United,€15.00m,14,0,0,0,0,12,2
Benja Domínguez,21,Argentina,Bologna FC 1909,€15.00m,28,4,3,0,0,12,15
Ernest Nuamah,21,Ghana,Olympique Lyon,€15.00m,37,6,3,3,0,14,18
Ilias Akhomach,21,Morocco,Villarreal CF,€15.00m,15,1,0,2,0,7,8
Geny Catamo,24,Mozambique,Sporting CP,€15.00m,54,9,6,5,0,15,22
Mohamed-Ali Cho,21,France,OGC Nice,€15.00m,35,5,4,2,0,11,24
Andreas Schjelderup,21,Norway,SL Benfica,€15.00m,39,4,9,0,0,23,15
Jota Silva,25,Portugal,Nottingham Forest,€15.00m,38,5,3,7,0,29,8
Manfred Ugalde,23,Costa Rica,Spartak Moscow,€15.00m,44,21,8,4,0,6,27
Boulaye Dia,28,Senegal,SS Lazio,€15.00m,51,15,4,3,0,14,30
Jack Clarke,24,England,Ipswich Town,€15.00m,38,4,7,2,0,21,14
Terem Moffi,26,Nigeria,OGC Nice,€15.00m,5,1,0,0,0,5,0
Bryan Gil,24,Spain,Girona FC,€15.00m,33,5,3,7,0,5,23
Patrick Wimmer,24,Austria,VfL Wolfsburg,€15.00m,41,4,4,6,1,10,24
Fotis Ioannidis,25,Greece,Panathinaikos FC,€15.00m,47,14,1,7,0,16,14
Luis Sinisterra,25,Colombia,AFC Bournemouth,€15.00m,14,1,1,0,0,12,3
Maksim Glushenkov,25,Russia,Zenit St. Petersburg,€15.00m,28,14,5,2,0,6,21
Igor Jesus,24,Brazil,Botafogo de Futebol e Regatas,€15.00m,23,7,1,1,0,2,3
Jonas Wind,26,Denmark,VfL Wolfsburg,€15.00m,39,11,4,2,0,17,13
Levi García,27,Trinidad and Tobago,Spartak Moscow,€15.00m,37,13,3,2,0,10,18
Noah Okafor,25,Switzerland,SSC Napoli,€15.00m,23,1,2,0,0,16,7
Ché Adams,28,Scotland,Torino FC,€15.00m,42,10,4,2,0,8,13
Simon Banza,28,DR Congo,Trabzonspor,€15.00m,41,22,7,7,0,5,13
Tammy Abraham,27,England,AC Milan,€15.00m,45,10,7,1,0,28,15
Saïd Benrahma,29,Algeria,NEOM SC,€15.00m,44,12,14,2,0,10,22
Harry Wilson,28,Wales,Fulham FC,€15.00m,33,10,3,3,0,13,15
Allan Saint-Maximin,28,France,Fenerbahce,€15.00m,31,4,5,5,0,11,19
Ángel Correa,30,Argentina,Atlético de Madrid,€15.00m,45,8,5,5,1,37,5
Takumi Minamino,30,Japan,AS Monaco,€15.00m,43,9,5,5,0,7,23
Robert Lewandowski,36,Poland,FC Barcelona,€15.00m,58,44,5,3,0,7,31
Thierno Barry,22,France,Villarreal CF,€14.00m,43,19,4,4,0,13,14
Anis Hadj Moussa,23,Algeria,Feyenoord Rotterdam,€14.00m,45,11,6,3,0,13,15
Semih Kılıçsoy,19,Türkiye,Besiktas JK,€14.00m,48,6,6,7,1,27,10
Ben Doak,19,Scotland,Middlesbrough FC,€14.00m,30,3,8,7,0,5,16
Samuel Mbangula,21,Belgium,Juventus FC,€14.00m,34,4,6,1,0,21,11
Borja Sainz,24,Spain,Norwich City,€14.00m,43,19,4,7,0,1,14
Troy Parrott,23,Ireland,AZ Alkmaar,€14.00m,52,20,6,1,0,8,30
Kévin Denkey,24,Togo,FC Cincinnati,€14.00m,54,29,8,11,0,8,18
Facundo Torres,25,Uruguay,Sociedade Esportiva Palmeiras,€14.00m,30,6,3,2,0,3,16
Nikola Krstović,25,Montenegro,US Lecce,€14.00m,46,15,6,7,0,0,16
Jack Harrison,28,England,Everton FC,€14.00m,38,1,1,1,0,14,16
Samuel Chukwueze,26,Nigeria,AC Milan,€14.00m,42,7,3,3,0,27,12
Manor Solomon,25,Israel,Leeds United,€14.00m,47,10,14,3,0,10,30
Federico Chiesa,27,Italy,Liverpool FC,€14.00m,14,2,2,1,0,10,2
Steven Bergwijn,27,Netherlands,Al-Ittihad Club,€14.00m,33,13,9,4,0,6,17
Jhon Córdoba,32,Colombia,FC Krasnodar,€14.00m,30,13,7,8,1,2,6
Rayan,18,Brazil,Clube de Regatas Vasco da Gama,€13.00m,33,7,1,1,0,8,21
Kamaldeen Sulemana,23,Ghana,Southampton FC,€13.00m,30,2,3,3,0,11,14
Tolu Arokodare,24,Nigeria,KRC Genk,€13.00m,46,23,7,2,0,7,27
Armand Laurienté,26,France,US Sassuolo,€13.00m,34,19,6,8,0,4,24
Kasper Dolberg,27,Denmark,RSC Anderlecht,€13.00m,50,24,2,4,0,11,28
Álvaro Morata,32,Spain,Galatasaray,€13.00m,46,14,5,12,0,13,22
Dennis Man,26,Romania,Parma Calcio 1913,€12.50m,41,6,8,2,0,10,21
Kauã Elias,19,Brazil,Shakhtar Donetsk,€12.00m,13,2,1,0,0,8,4
Gabriel Carvalho,17,Brazil,Sport Club Internacional,€12.00m,4,0,0,0,0,3,1
Charalampos Kostoulas,18,Greece,Olympiacos Piraeus,€12.00m,38,13,2,4,0,16,17
Eliezer Mayenda,20,Spain,Sunderland AFC,€12.00m,43,10,5,2,0,17,14
Romain Esse,20,England,Crystal Palace,€12.00m,43,7,2,4,0,13,16
Eli Junior Kroupi,18,France,FC Lorient,€12.00m,35,24,3,3,0,9,21
Kevin,22,Brazil,Shakhtar Donetsk,€12.00m,35,9,4,8,0,5,18
Luciano Gondou,23,Argentina,Zenit St. Petersburg,€12.00m,29,11,1,4,0,11,14
Luca Koleosho,20,Italy,Burnley FC,€12.00m,32,2,0,4,0,9,17
Ramón Sosa,25,Paraguay,Nottingham Forest,€12.00m,23,3,1,2,0,19,3
Abde Ezzalzouli,23,Morocco,Real Betis Balompié,€12.00m,55,11,8,4,0,18,29
Bryan Zaragoza,23,Spain,CA Osasuna,€12.00m,30,2,6,5,0,8,20
Gabriel Pec,24,Brazil,Los Angeles Galaxy,€12.00m,17,2,1,4,0,0,2
Jonathan Rowe,22,England,Olympique Marseille,€12.00m,31,3,4,3,0,25,6
Matthis Abline,22,France,FC Nantes,€12.00m,36,11,2,3,0,1,21
Eren Dinkçi,23,Türkiye,SC Freiburg,€12.00m,25,0,4,1,0,10,11
Tiago Tomás,22,Portugal,VfL Wolfsburg,€12.00m,40,6,2,8,0,12,24
Osame Sahraoui,23,Morocco,LOSC Lille,€12.00m,47,5,6,1,0,30,16
Armando Broja,23,Albania,Everton FC,€12.00m,15,0,1,1,0,8,8
Sofiane Diop,24,Morocco,OGC Nice,€12.00m,38,6,8,4,1,23,10
Zeki Amdouni,24,Switzerland,SL Benfica,€12.00m,51,13,3,3,0,33,16
Thijs Dallinga,24,Netherlands,Bologna FC 1909,€12.00m,43,7,3,1,0,25,12
Cameron Archer,23,England,Southampton FC,€12.00m,40,5,0,0,0,24,15
Wilson Isidor,24,France,Sunderland AFC,€12.00m,53,15,2,11,0,15,22
Kyogo Furuhashi,30,Japan,Stade Rennais FC,€12.00m,38,12,4,1,0,13,20
Tijjani Noslin,25,Netherlands,SS Lazio,€12.00m,39,6,3,2,1,27,8
Julián Quiñones,28,Mexico,Al-Qadsiah FC,€12.00m,36,25,8,6,1,1,10
Yunus Akgün,24,Türkiye,Galatasaray,€12.00m,48,12,14,7,0,8,26
Zakaria Aboukhlal,25,Morocco,FC Toulouse,€12.00m,28,7,4,4,0,5,13
Gorka Guruzeta,28,Spain,Athletic Bilbao,€12.00m,51,8,5,2,0,20,23
Álex Berenguer,29,Spain,Athletic Bilbao,€12.00m,53,6,10,8,0,15,29
Nicolas Kühn,25,Germany,Celtic FC,€12.00m,51,21,15,6,0,10,33
Hirving Lozano,29,Mexico,San Diego FC,€12.00m,25,10,6,4,0,11,8
Marcus Edwards,26,England,Burnley FC,€12.00m,26,5,1,1,0,10,15
Hee-chan Hwang,29,"Korea, South",Wolverhampton Wanderers,€12.00m,25,2,1,0,0,17,7
Moses Simon,29,Nigeria,FC Nantes,€12.00m,40,9,13,2,0,5,19
Miguel Almirón,31,Paraguay,Atlanta United FC,€12.00m,29,3,1,1,0,10,8
Ricardo Horta,30,Portugal,SC Braga,€12.00m,54,15,9,5,0,2,21
Adam Armstrong,28,England,Southampton FC,€12.00m,39,6,2,6,0,10,24
Breel Embolo,28,Switzerland,AS Monaco,€12.00m,49,8,12,9,0,11,26
Franck Honorat,28,France,Borussia Mönchengladbach,€12.00m,21,5,9,0,0,1,19
Jérémie Boga,28,Cote d'Ivoire,OGC Nice,€12.00m,26,3,1,0,0,12,12
Cristiano Ronaldo,40,Portugal,Al-Nassr FC,€12.00m,48,41,5,3,0,1,13
Issahaku Fatawu,21,Ghana,Leicester City,€11.00m,18,0,2,2,0,8,4
Jarne Steuckers,23,Belgium,KRC Genk,€11.00m,42,9,13,1,0,0,29
Vladyslav Vanat,23,Ukraine,Dynamo Kyiv,€11.00m,49,23,9,6,0,9,17
Ernest Muci,24,Albania,Besiktas JK,€11.00m,40,7,4,3,0,17,20
Daizen Maeda,27,Japan,Celtic FC,€11.00m,51,33,12,4,1,4,19
Tetê,25,Brazil,Panathinaikos FC,€11.00m,49,11,3,6,0,15,20
Mateo Cassierra,28,Colombia,Zenit St. Petersburg,€11.00m,39,12,5,0,0,13,22
Roland Sallai,28,Hungary,Galatasaray,€11.00m,41,7,1,12,0,12,11
Gonçalo Guedes,28,Portugal,Wolverhampton Wanderers,€11.00m,33,5,5,1,0,19,13
Mauro Icardi,32,Argentina,Galatasaray,€11.00m,14,6,2,1,0,1,7
Jesús Rodríguez,19,Spain,Real Betis Balompié,€10.00m,46,5,4,3,0,13,28
Ibrahim Osman,20,Ghana,Feyenoord Rotterdam,€10.00m,32,4,3,5,0,19,10
Gustavo Nunes,19,Brazil,Brentford FC,€10.00m,3,0,0,0,0,3,0
Alisson,19,Brazil,Shakhtar Donetsk,€10.00m,22,3,4,3,0,16,6
Francesco Camarda,17,Italy,Milan Futuro,€10.00m,42,11,3,7,0,15,17
Gift Orban,22,Nigeria,TSG 1899 Hoffenheim,€10.00m,18,6,0,3,0,8,9
Pedro,19,Brazil,Zenit St. Petersburg,€10.00m,47,7,14,4,0,14,22
Tyrique George,19,England,Chelsea FC,€10.00m,48,7,12,5,0,21,17
Franculino,20,Guinea-Bissau,FC Midtjylland,€10.00m,44,16,6,3,0,15,24
Kevin Zenón,23,Argentina,CA Boca Juniors,€10.00m,19,4,0,2,1,7,7
Abdallah Sima,23,Senegal,Stade Brestois 29,€10.00m,41,12,2,4,0,19,20
Mika Godts,19,Belgium,Ajax Amsterdam,€10.00m,47,8,7,2,0,16,30
Matías Fernández-Pardo,20,Spain,LOSC Lille,€10.00m,38,6,4,6,0,20,15
Isaac Romero,25,Spain,Sevilla FC,€10.00m,32,5,2,10,1,5,18
Tom Cannon,22,Ireland,Sheffield United,€10.00m,43,12,2,3,0,11,15
Diego López,23,Spain,Valencia CF,€10.00m,45,9,7,4,0,6,30
Loum Tchaouna,21,France,SS Lazio,€10.00m,40,3,1,4,0,23,14
Vitinha,25,Portugal,Genoa CFC,€10.00m,27,2,3,3,0,9,15
Samuel Iling-Junior,21,England,Middlesbrough FC,€10.00m,37,3,3,3,0,18,10
Hugo Duro,25,Spain,Valencia CF,€10.00m,32,11,3,5,0,6,12
Sebastiano Esposito,22,Italy,FC Empoli,€10.00m,39,11,2,3,0,9,21
Joseph Paintsil,27,Ghana,Los Angeles Galaxy,€10.00m,12,1,1,3,0,3,3
Morgan Whittaker,24,England,Middlesbrough FC,€10.00m,38,4,2,3,0,6,11
Benjamín Rollheiser,25,Argentina,Santos FC,€10.00m,32,2,1,4,0,17,14
Krépin Diatta,26,Senegal,AS Monaco,€10.00m,26,0,0,3,0,19,2
Youssoufa Moukoko,20,Germany,OGC Nice,€10.00m,24,3,3,0,0,14,8
Josh Maja,26,Nigeria,West Bromwich Albion,€10.00m,26,12,2,2,0,0,21
Ansgar Knauff,23,Germany,Eintracht Frankfurt,€10.00m,48,6,10,5,0,21,24
Zuriko Davitashvili,24,Georgia,AS Saint-Étienne,€10.00m,41,9,8,3,0,6,14
Alexis Vega,27,Mexico,Deportivo Toluca,€10.00m,47,16,16,7,0,6,29
Keito Nakamura,24,Japan,Stade Reims,€10.00m,40,12,3,6,0,2,17
Arthur Cabral,27,Brazil,SL Benfica,€10.00m,34,7,2,3,1,27,4
Cyril Ngonge,25,Belgium,SSC Napoli,€10.00m,22,2,0,2,0,19,3
Niklas Beste,26,Germany,SC Freiburg,€10.00m,34,2,3,3,0,26,4
Stephy Mavididi,27,England,Leicester City,€10.00m,33,6,1,2,0,15,14
Robin Hack,26,Germany,Borussia Mönchengladbach,€10.00m,34,4,8,4,0,7,23
David Brooks,27,Wales,AFC Bournemouth,€10.00m,37,3,2,4,0,23,14
Enes Ünal,28,Türkiye,AFC Bournemouth,€10.00m,18,2,1,2,0,16,2
Ayoze Pérez,31,Spain,Villarreal CF,€10.00m,35,23,5,6,0,10,16
Rafa Silva,32,Portugal,Besiktas JK,€10.00m,48,18,13,6,0,0,21
Neal Maupay,28,France,Olympique Marseille,€10.00m,24,4,4,2,0,9,13
Domenico Berardi,30,Italy,US Sassuolo,€10.00m,29,6,14,4,0,4,16
Memphis Depay,31,Netherlands,Sport Club Corinthians Paulista,€10.00m,29,7,10,5,0,4,8
Matteo Politano,31,Italy,SSC Napoli,€10.00m,41,3,5,3,0,5,33
Raheem Sterling,30,England,Arsenal FC,€10.00m,28,1,5,5,0,15,10
Chris Wood,33,New Zealand,Nottingham Forest,€10.00m,48,30,3,1,0,5,29
Niclas Füllkrug,32,Germany,West Ham United,€10.00m,21,4,2,2,0,12,8
Deivid Washington,19,Brazil,Santos FC,€9.00m,31,12,1,0,0,20,9
Bazoumana Touré,19,Cote d'Ivoire,TSG 1899 Hoffenheim,€9.00m,13,0,3,1,0,6,6
William Gomes,19,Brazil,FC Porto,€9.00m,11,0,0,2,0,9,0
Jean-Mattéo Bahoya,20,France,Eintracht Frankfurt,€9.00m,33,3,4,4,0,18,15
José Manuel López,24,Argentina,Sociedade Esportiva Palmeiras,€9.00m,27,10,4,4,0,12,6
Roony Bardghji,19,Sweden,FC Copenhagen,€9.00m,6,0,0,0,0,4,2
Jay Stansfield,22,England,Birmingham City,€9.00m,46,24,3,9,0,8,28
Jaidon Anthony,25,England,Burnley FC,€9.00m,43,8,7,4,0,1,15
Hugo Cuypers,28,Belgium,Chicago Fire FC,€9.00m,16,10,2,0,0,0,9
Patson Daka,26,Zambia,Leicester City,€9.00m,25,1,1,0,0,18,6
Róger Guedes,28,Brazil,Al-Rayyan SC,€9.00m,40,31,5,6,0,1,6
Jota,26,Portugal,Celtic FC,€9.00m,26,6,3,0,0,14,12
Everton,29,Brazil,CR Flamengo,€9.00m,21,3,2,1,0,10,11
Borja Mayoral,28,Spain,Getafe CF,€9.00m,27,6,1,0,0,20,3
Vaclav Cerny,27,Czech Republic,Rangers FC,€9.00m,59,19,11,5,0,5,42
Adama Traoré,29,Spain,Fulham FC,€9.00m,41,2,9,3,0,21,15
Julien Duranville,19,Belgium,Borussia Dortmund,€8.50m,28,2,2,4,0,21,7
Moussa Yeo,21,Mali,Red Bull Salzburg,€8.00m,35,6,4,8,0,11,18
Gianluca Prestianni,19,Argentina,SL Benfica,€8.00m,15,2,2,2,0,6,9
Marc Guiu,19,Spain,Chelsea FC,€8.00m,20,7,2,1,0,8,10
Tom Watson,19,England,Sunderland AFC,€8.00m,30,9,3,3,0,11,9
Darío Osorio,21,Chile,FC Midtjylland,€8.00m,39,7,3,8,1,8,23
Luciano Rodríguez,21,Uruguay,Esporte Clube Bahia,€8.00m,30,7,1,3,0,9,11
Yoann Cathline,22,France,FC Utrecht,€8.00m,29,6,6,1,0,2,16
Pablo Solari,24,Argentina,Spartak Moscow,€8.00m,16,2,2,5,0,13,2
Ângelo,20,Brazil,Al-Nassr FC,€8.00m,38,2,10,2,0,13,19
Chemsdine Talbi,20,Morocco,Club Brugge KV,€8.00m,44,7,5,1,0,22,22
Carlos Forbs,21,Portugal,Wolverhampton Wanderers,€8.00m,21,2,2,2,0,15,8
Ruben van Bommel,20,Netherlands,AZ Alkmaar,€8.00m,34,10,6,6,0,8,19
Samuel Edozie,22,England,RSC Anderlecht,€8.00m,35,4,6,2,0,15,17
Mexx Meerdink,21,Netherlands,AZ Alkmaar,€8.00m,42,14,0,3,0,29,11
Talles Magno,22,Brazil,Sport Club Corinthians Paulista,€8.00m,30,5,3,3,0,19,7
Facundo Pellistri,23,Uruguay,Panathinaikos FC,€8.00m,36,4,5,3,0,16,18
Wesley,26,Brazil,Sport Club Internacional,€8.00m,24,1,3,4,0,2,17
Álvaro Djaló,25,Spain,Athletic Bilbao,€8.00m,28,1,0,3,0,17,11
Dorgeles Nene,22,Mali,Red Bull Salzburg,€8.00m,48,18,9,1,0,11,24
Chermiti,21,Portugal,Everton FC,€8.00m,6,0,0,1,0,4,2
Silas,26,DR Congo,Red Star Belgrade,€8.00m,28,7,1,1,0,8,18
Faris Moumbagna,24,Cameroon,Olympique Marseille,€8.00m,1,0,0,0,0,1,1
Ayase Ueda,26,Japan,Feyenoord Rotterdam,€8.00m,31,9,2,1,0,13,14
Ante Crnac,21,Croatia,Norwich City,€8.00m,45,8,6,3,0,9,25
Mathias Kvistgaarden,23,Denmark,Bröndby IF,€8.00m,39,23,7,4,0,8,21
Oğuz Aydın,24,Türkiye,Fenerbahce,€8.00m,32,7,11,1,0,10,13
Franjo Ivanovic,21,Croatia,Union Saint-Gilloise,€8.00m,58,24,9,5,0,7,28
Carlos Vicente,26,Spain,Deportivo Alavés,€8.00m,38,5,6,3,0,2,9
Anastasios Douvikas,25,Greece,Como 1907,€8.00m,35,7,3,3,0,22,10
Sergey Pinyaev,20,Russia,Lokomotiv Moscow,€8.00m,40,11,8,3,0,7,29
Yann Gboho,24,France,FC Toulouse,€8.00m,33,5,4,2,0,5,14
Artur,27,Brazil,Botafogo de Futebol e Regatas,€8.00m,37,7,9,3,0,14,16
Roberto Piccoli,24,Italy,Cagliari Calcio,€8.00m,40,11,4,6,0,2,19
Javi Puado,27,Spain,RCD Espanyol Barcelona,€8.00m,35,12,4,8,0,0,15
Tyrese Campbell,25,England,Sheffield United,€8.00m,37,11,2,2,0,15,22
M'Bala Nzola,28,Angola,RC Lens,€8.00m,26,7,1,4,1,7,10
Romain Del Castillo,29,France,Stade Brestois 29,€8.00m,34,6,5,1,0,16,15
Álex Zendejas,27,United States,CF América,€8.00m,48,12,12,8,0,8,20
Junya Ito,32,Japan,Stade Reims,€8.00m,39,4,6,1,0,2,16
Odsonne Edouard,27,France,Leicester City,€8.00m,8,0,0,0,0,6,2
Anders Dreyer,27,Denmark,San Diego FC,€8.00m,44,11,16,1,0,4,16
Akram Afif,28,Qatar,Al-Sadd SC,€8.00m,39,24,22,2,0,2,4
Jonathan Ikoné,27,France,Como 1907,€8.00m,36,6,1,2,0,23,9
Rafael Borré,29,Colombia,Sport Club Internacional,€8.00m,19,5,2,3,0,8,7
Haji Wright,27,United States,Coventry City,€8.00m,35,12,2,1,0,9,13
Oleksandr Zubkov,28,Ukraine,Trabzonspor,€8.00m,44,15,10,5,0,11,26
Giovanni Simeone,29,Argentina,SSC Napoli,€8.00m,33,2,2,1,0,30,3
Vedat Muriqi,31,Kosovo,RCD Mallorca,€8.00m,37,12,3,3,2,6,18
Denis Bouanga,30,Gabon,Los Angeles FC,€8.00m,25,11,4,4,0,1,3
Maxwel Cornet,28,Cote d'Ivoire,Genoa CFC,€8.00m,11,2,1,2,0,7,4
Moussa Dembélé,28,France,Al-Ettifaq FC,€8.00m,21,7,4,2,0,3,8
Kiril Despodov,28,Bulgaria,PAOK Thessaloniki,€8.00m,51,9,12,6,0,23,20
İrfan Can Kahveci,29,Türkiye,Fenerbahce,€8.00m,48,6,4,9,0,32,14
Vincent Janssen,30,Netherlands,Royal Antwerp FC,€8.00m,39,13,8,11,0,0,5
Andrija Zivkovic,28,Serbia,PAOK Thessaloniki,€8.00m,47,12,8,9,0,11,21
Paulo Dybala,31,Argentina,AS Roma,€8.00m,36,8,4,4,0,10,20
Sadio Mané,33,Senegal,Al-Nassr FC,€8.00m,53,21,14,6,0,1,15
Chuba Akpom,29,England,LOSC Lille,€8.00m,48,11,2,2,0,27,17
Sardar Azmoun,30,Iran,Shabab Al-Ahli Club,€8.00m,39,26,10,4,1,7,14
Riyad Mahrez,34,Algeria,Al-Ahli SFC,€8.00m,50,18,19,5,0,1,20
Bertrand Traoré,29,Burkina Faso,Ajax Amsterdam,€8.00m,51,11,9,4,0,20,28
Callum Wilson,33,England,Newcastle United,€8.00m,22,1,0,1,0,19,3
Alexandre Lacazette,34,France,Olympique Lyon,€8.00m,42,19,3,7,0,13,20
Christopher Bonsu Baah,20,Ghana,KRC Genk,€7.50m,44,4,5,3,0,10,27
Hugo Álvarez,21,Spain,Celta de Vigo,€7.50m,28,4,3,6,0,10,9
Ismaël Gharbi,21,Spain,SC Braga,€7.50m,35,4,5,4,0,17,13
Tommy Conway,22,Scotland,Middlesbrough FC,€7.50m,40,13,1,1,0,12,16
Vitinho,26,Brazil,Sport Club Internacional,€7.50m,24,6,0,5,0,13,8
Akor Adams,25,Nigeria,Sevilla FC,€7.50m,20,3,3,2,0,5,7
Ferran Jutglà,26,Spain,Club Brugge KV,€7.50m,54,14,7,3,0,22,27
Largie Ramazani,24,Belgium,Leeds United,€7.50m,32,8,2,3,0,22,7
Benedict Hollerbach,24,Germany,1.FC Union Berlin,€7.50m,36,9,4,4,0,5,19
Ben Brereton Díaz,26,Chile,Sheffield United,€7.50m,32,4,3,7,0,14,15
Brandon Vazquez,26,United States,Austin FC,€7.50m,40,11,2,4,0,16,16
Rafa Mujica,26,Spain,Al-Sadd SC,€7.50m,29,21,5,3,0,3,17
Cengiz Ünder,27,Türkiye,Los Angeles FC,€7.50m,24,2,3,1,0,16,7
Myrto Uzuni,30,Albania,Austin FC,€7.50m,39,17,3,5,0,9,14
Milot Rashica,28,Kosovo,Besiktas JK,€7.50m,47,5,15,4,0,8,31
Fedor Chalov,27,Russia,PAOK Thessaloniki,€7.50m,43,5,8,1,0,25,18
Michael Olunga,31,Kenya,Al-Duhail SC,€7.50m,28,18,4,3,0,1,12
Cristian Arango,30,Colombia,San Jose Earthquakes,€7.50m,13,9,1,1,0,0,5
Lukas Haraslin,29,Slovakia,AC Sparta Prague,€7.50m,42,15,8,5,0,9,27
Paulinho,32,Portugal,Deportivo Toluca,€7.50m,39,27,7,8,0,2,11
Vincenzo Grifo,32,Italy,SC Freiburg,€7.50m,37,10,12,2,0,4,26
Anthony Martial,29,France,AEK Athens,€7.50m,23,9,2,2,1,5,8
Marvin Ducksch,31,Germany,SV Werder Bremen,€7.50m,36,9,11,4,0,2,23
Thiago Fernández,21,Argentina,CA Vélez Sarsfield,€7.00m,0,0,0,0,0,0,0
Keny Arroyo,19,Ecuador,Besiktas JK,€7.00m,14,3,1,2,0,9,2
Rômulo,23,Brazil,Göztepe,€7.00m,33,17,10,7,0,1,9
Rafiu Durosinmi,22,Nigeria,FC Viktoria Plzen,€7.00m,22,9,4,3,0,10,11
Max Moerstedt,19,Germany,TSG 1899 Hoffenheim,€7.00m,38,7,6,7,0,12,19
Sindre Walle Egeli,18,Norway,FC Nordsjaelland,€7.00m,35,9,8,7,0,6,20
John Kennedy,23,Brazil,CF Pachuca,€7.00m,20,9,2,4,0,5,14